PossibleNavigations,ExperimentPhase,UserSelectedNavMethod,m_TaskNumber,m_ActiveTask,m_CurrentLeverValue,m_CurrentTargetLeverNumber,m_LeverDifference,elapsedTime,headset x,headset y,headset z,Controller (left) x,Controller (left) y,Controller (left) z,Controller (right) x,Controller (right) y,Controller (right) z
Walk,Tutorial,Walk,0,Task0,0.5036428,0.2,0.3036428,0.02,-34.00799,43.9082,-13.27514,-35.16,43.152,-14.71,-35.16,43.152,-14.71,
Walk,Tutorial,Walk,0,Task0,0.5036428,0.2,0.3036428,0.4640939,-34.00779,43.90504,-13.27435,-34.34605,44.00868,-13.12451,-34.26036,44.01268,-13.06337,
Walk,Tutorial,Walk,0,Task0,0.5036428,0.2,0.3036428,0.7897123,-34.00798,43.9051,-13.27431,-34.34609,44.00848,-13.12389,-34.2604,44.01259,-13.06317,
Walk,Tutorial,Walk,0,Task0,0.5036428,0.2,0.3036428,0.9245854,-34.00826,43.90546,-13.27505,-34.34615,44.00848,-13.12375,-34.2605,44.01261,-13.06309,
Walk,Tutorial,Walk,0,Task0,0.5036428,0.2,0.3036428,1.064212,-34.00818,43.90547,-13.27552,-34.34616,44.00842,-13.12391,-34.26039,44.01252,-13.0631,
Walk,Tutorial,Walk,0,Task0,0.5036428,0.2,0.3036428,1.191798,-34.00845,43.90546,-13.276,-34.34618,44.00843,-13.12397,-34.26048,44.01242,-13.0631,
Walk,Tutorial,Walk,0,Task0,0.5036428,0.2,0.3036428,1.326427,-34.0085,43.90558,-13.27567,-34.34615,44.00858,-13.12397,-34.26039,44.01247,-13.06273,
