PossibleNavigations,ExperimentPhase,UserSelectedNavMethod,m_TaskNumber,m_ActiveTask,m_CurrentLeverValue,m_CurrentTargetLeverNumber,m_LeverDifference,elapsedTime,headset x,headset y,headset z,Controller (left) x,Controller (left) y,Controller (left) z,Controller (right) x,Controller (right) y,Controller (right) z
Walk,Tutorial,Walk,0,Task0,0.5036428,0.2,0.3036428,0.02,-34.00798,43.90758,-13.27413,-35.16,43.152,-14.71,-35.16,43.152,-14.71,
Walk,Tutorial,Walk,0,Task0,0.5036428,0.2,0.3036428,0.4600927,-34.0083,43.9054,-13.27591,-34.34594,44.00873,-13.12445,-34.2604,44.01281,-13.06377,
Walk,Tutorial,Walk,0,Task0,0.5036428,0.2,0.3036428,0.7941059,-34.00784,43.90508,-13.27501,-34.34578,44.00851,-13.12439,-34.26015,44.01268,-13.06409,
Walk,Tutorial,Walk,0,Task0,0.5036428,0.2,0.3036428,0.9395616,-34.00806,43.90503,-13.27454,-34.34606,44.00856,-13.1239,-34.26052,44.01274,-13.06371,
Walk,Tutorial,Walk,0,Task0,0.5036428,0.2,0.3036428,1.06437,-34.00769,43.90502,-13.27438,-34.34576,44.00854,-13.12397,-34.26006,44.0126,-13.06306,
Walk,Tutorial,Walk,0,Task0,0.5036428,0.2,0.3036428,1.200479,-34.00768,43.90499,-13.27449,-34.34587,44.00843,-13.12432,-34.26014,44.01236,-13.06318,
Walk,Tutorial,Walk,0,Task0,0.5036428,0.2,0.3036428,1.331812,-34.00816,43.90517,-13.27442,-34.34609,44.00849,-13.12377,-34.26054,44.01253,-13.06289,
